web_code,location,_location_latitude,_location_longitude,_location_altitude,_location_precision,today,start_time,end_time,meta/instanceID,_uuid,_submission_timeA_PH072209001_00005,11.24545754985123 123.755125478172 73.98714048882864 12.0,11.24545755,123.7551255,73.98714049,12,1/8/07,null,null,uuid:c20ee93d-8e0a-4810-ad73-6c038200fc5a,c20ee93d-8e0a-4810-ad73-6c038200fc5a,2014-07-04T13:22:44A_PH072209001_00004,11.243971548896466 123.75526702942526 76.76029404512494 16.0,11.24397155,123.755267,76.76029405,16,1/8/07,null,null,uuid:4b5ac694-562f-412f-b7dc-04749f6c5a42,4b5ac694-562f-412f-b7dc-04749f6c5a42,2014-07-04T13:22:31A_PH072209001_00011,11.245285152392222 123.75424491312847 70.06517178186705 4.0,11.24528515,123.7542449,70.06517178,4,7/10/14,null,null,uuid:340c0ff5-c16b-48b2-8de2-88bb697290dc,340c0ff5-c16b-48b2-8de2-88bb697290dc,2014-07-14T06:40:32A_PH072209001_00006,11.24427217335209 123.75552197317697 200.2117123188422 32.0,11.24427217,123.755522,200.2117123,32,1/8/07,null,null,uuid:8aff80f9-26c7-4278-ad63-36ab2c5737b9,8aff80f9-26c7-4278-ad63-36ab2c5737b9,2014-07-04T13:22:39A_PH072209001_00009,11.23537972237895 123.75874445559286 79.06755746476752 12.0,11.23537972,123.7587445,79.06755746,12,1/8/07,null,null,uuid:c89c7a1d-a911-4115-a222-fca9c8e7c225,c89c7a1d-a911-4115-a222-fca9c8e7c225,2014-07-04T13:26:08A_PH072209001_00008,11.245454645959054 123.75522780241883 -45.3093855217304 24.0,11.24545465,123.7552278,-45.30938552,24,7/10/14,null,null,uuid:6d72c4ba-a0c3-4801-9ef0-55fbe6b42057,6d72c4ba-a0c3-4801-9ef0-55fbe6b42057,2014-07-14T06:40:32A_PH072209001_00003,11.243130106755128 123.75418362407079 68.64143002781827 12.0,11.24313011,123.7541836,68.64143003,12,1/8/07,null,null,uuid:692bdc16-e7dd-49ae-b2df-ba5820909225,692bdc16-e7dd-49ae-b2df-ba5820909225,2014-07-07T02:01:09A_PH072209001_00001,11.24765170712658 123.75443799734605 98.51779609327069 12.0,11.24765171,123.754438,98.51779609,12,1/11/07,null,null,uuid:09bf064d-00ef-4acd-b40d-f13d85fefb02,09bf064d-00ef-4acd-b40d-f13d85fefb02,2014-07-08T00:08:10A_PH072209001_00007,11.2464754253428 123.75552164711297 65.62302937723157 16.0,11.24647543,123.7555216,65.62302938,16,1/8/07,null,null,uuid:38de5f5f-6989-456e-affd-d2341e9dba27,38de5f5f-6989-456e-affd-d2341e9dba27,2014-07-04T13:23:46A_PH072209001_00002,11.249818754623417 123.75582880070604 83.4667032430047 128.0,11.24981875,123.7558288,83.46670324,128,1/11/07,null,null,uuid:079e2320-6dcd-43cd-97a0-500e756ce02b,079e2320-6dcd-43cd-97a0-500e756ce02b,2014-07-08T00:08:11A_PH072209003_00012,11.213041112762749 123.71234885637111 81.77095751170285 4.0,11.21304111,123.7123489,81.77095751,4,7/8/14,null,null,uuid:2aa41b29-5a71-4fba-8d3f-23d6d6ad4610,2aa41b29-5a71-4fba-8d3f-23d6d6ad4610,2014-07-08T09:09:27A_PH072209003_00013,11.216757376132177 123.7033303845957 75.34525454568553 6.0,11.21675738,123.7033304,75.34525455,6,7/8/14,null,null,uuid:a9eef8ac-777c-49a3-974a-a6197d5f7924,a9eef8ac-777c-49a3-974a-a6197d5f7924,2014-07-08T09:12:22A_PH072209009_00014,11.193715356027091 123.7141212673501 80.93950438969557 4.0,11.19371536,123.7141213,80.93950439,4,7/8/14,null,null,uuid:09a3a727-f1fc-415c-9822-961e118a56e5,09a3a727-f1fc-415c-9822-961e118a56e5,2014-07-08T09:12:22A_PH072209009_00015,11.200728439810348 123.70831992458537 67.98753477213018 4.0,11.20072844,123.7083199,67.98753477,4,7/8/14,null,null,uuid:52329998-08f1-451f-aab5-97ca2de28668,52329998-08f1-451f-aab5-97ca2de28668,2014-07-08T09:10:40A_PH072209009_00099,11.19955039256493 123.71252239618555 79.49225376033164 4.0,11.19955039,123.7125224,79.49225376,4,7/28/14,null,null,uuid:2136fdac-c6f7-4d05-8703-cbb324b43b20,2136fdac-c6f7-4d05-8703-cbb324b43b20,2014-07-29T01:33:01A_PH072209009_00105,11.201346597016267 123.71646565621603 97.98317299326573 4.0,11.2013466,123.7164657,97.98317299,4,7/29/14,null,null,uuid:6d04f96b-d13b-43c0-a068-e69862bb58c4,6d04f96b-d13b-43c0-a068-e69862bb58c4,2014-07-29T01:36:31A_PH072209009_00106,11.201139556931714 123.71642258593924 83.89842293493194 4.0,11.20113956,123.7164226,83.89842293,4,7/29/14,null,null,uuid:83ff333c-c25a-445d-a73c-7f7839a267d9,83ff333c-c25a-445d-a73c-7f7839a267d9,2014-07-29T01:35:23A_PH072209009_00128,11.197787995086394 123.70466068684406 68.96563297284416 4.0,11.197788,123.7046607,68.96563297,4,7/29/14,null,null,uuid:b7b91de1-5f6e-4e4f-a662-c052bb5ff860,b7b91de1-5f6e-4e4f-a662-c052bb5ff860,2014-07-30T09:39:22A_PH072209009_00131,11.19986310951827 123.70874680460871 69.19603248858951 4.0,11.19986311,123.7087468,69.19603249,4,7/29/14,null,null,uuid:8e44cda4-f1e2-45c4-8e7d-0ce2d38d2cc7,8e44cda4-f1e2-45c4-8e7d-0ce2d38d2cc7,2014-07-29T01:24:20A_PH072209009_00146,11.202500337098728 123.70283557659444 71.07618687250836 4.0,11.20250034,123.7028356,71.07618687,4,7/29/14,null,null,uuid:632163fa-8401-4176-808c-8e31dbeb89ee,632163fa-8401-4176-808c-8e31dbeb89ee,2014-07-30T09:39:24A_PH072209009_00148,11.20206460960025 123.70304854050227 67.82296126629699 4.0,11.20206461,123.7030485,67.82296127,4,7/28/14,null,null,uuid:a9f5dbe6-bbda-41a8-988c-7ad90600c288,a9f5dbe6-bbda-41a8-988c-7ad90600c288,2014-07-29T01:34:07A_PH072209009_00163,11.201169906350627 123.71642620597599 89.45960067608547 4.0,11.20116991,123.7164262,89.45960068,4,7/29/14,null,null,uuid:ea4ecede-9881-4db2-804f-d40ecf483b4d,ea4ecede-9881-4db2-804f-d40ecf483b4d,2014-07-29T01:34:29A_PH072209012_00020,11.18712435315414 123.74040873514937 91.51621246725196 4.0,11.18712435,123.7404087,91.51621247,4,7/7/14,null,null,uuid:b5c7e29f-c990-47f2-9c80-86a832483d47,b5c7e29f-c990-47f2-9c80-86a832483d47,2014-07-07T09:09:38A_PH072209012_00019,11.187025888727076 123.74048926550014 96.45240719380804 8.0,11.18702589,123.7404893,96.45240719,8,1/11/07,null,null,uuid:c82b4f68-0b83-4dce-bedb-f422c8b5de92,c82b4f68-0b83-4dce-bedb-f422c8b5de92,2014-07-08T00:08:08A_PH072209012_00016,11.179748641100105 123.73770475042733 76.09996969835117 16.0,11.17974864,123.7377048,76.0999697,16,7/10/14,null,null,uuid:5b2fe299-12af-4e61-b8b5-af4988424ed3,5b2fe299-12af-4e61-b8b5-af4988424ed3,2014-07-14T06:42:36A_PH072209012_00021,11.186078672682601 123.74155472926097 85.40907543090125 8.0,11.18607867,123.7415547,85.40907543,8,7/10/14,null,null,uuid:468f6909-7a3e-40b2-9c62-0bb93aa84991,468f6909-7a3e-40b2-9c62-0bb93aa84991,2014-07-14T06:42:10A_PH072209012_00028,11.190505378478957 123.73582476848306 93.67540189726462 8.0,11.19050538,123.7358248,93.6754019,8,7/28/14,null,null,uuid:0766381e-57df-4c36-ab7b-2370e0bd57bc,0766381e-57df-4c36-ab7b-2370e0bd57bc,2014-07-28T08:35:30A_PH072209012_00038,11.178432353336369 123.73791258149117 80.62678228582456 8.0,11.17843235,123.7379126,80.62678229,8,7/27/14,null,null,uuid:158b565a-2c02-4228-ba9c-3746c9b5d202,158b565a-2c02-4228-ba9c-3746c9b5d202,2014-07-28T08:32:46A_PH072209012_00041,11.186994075139728 123.73532698152172 118.77559103184717 8.0,11.18699408,123.735327,118.775591,8,7/28/14,null,null,uuid:cc50bd7e-8205-46ef-b4de-04564428ea96,cc50bd7e-8205-46ef-b4de-04564428ea96,2014-07-28T08:33:23A_PH072209012_00018,11.186676147300286 123.7389215913329 87.7157885147304 32.0,11.18667615,123.7389216,87.71578851,32,1/11/07,null,null,uuid:ea620c7f-8c86-41c3-bc4b-a66ff5ff7ee5,ea620c7f-8c86-41c3-bc4b-a66ff5ff7ee5,2014-07-08T00:05:48A_PH072209012_00017,11.186516956910738 123.73898874819794 91.33449740900411 12.0,11.18651696,123.7389887,91.33449741,12,1/11/07,null,null,uuid:e9b471fb-a30f-44a1-940a-d56569dfadde,e9b471fb-a30f-44a1-940a-d56569dfadde,2014-07-08T00:08:09A_PH072209012_00056,11.187776678339079 123.73543877705453 -70.16936619270523 32.0,11.18777668,123.7354388,-70.16936619,32,7/28/14,null,null,uuid:2119a00c-e21f-4a52-915c-35321a360453,2119a00c-e21f-4a52-915c-35321a360453,2014-07-28T08:34:51